Title,Length/genre,Rating,metascore,story,genre,director,star
 Cannes Film Festival 2019 (2019),None,None,None,A visit to Cannes Film Festival 2019 and footage of some events.,"News, Reality-TV, Talk-Show", Mark Headley , Gerard van Gent
 Khobbi shou «OKnutye lyudi» (2023),60 min,None,None,"Azamat Musagaliev, Yana Koshkina, Denis Dorokhov and Zoya Yarovitsyna must guess which of the heroes is a virtuoso pianist and which is a man without bones."," Game-Show, Reality-TV, Talk-Show", Anatoliy Pereverzev ," Sergey Burunov, Azamat Musagaliev, Yana Koshkina, Denis Dorokhov"
 Star Trek: Picard: The IMAX Live Series Finale Event (2023),60 min,None,None,The Paramount+ series Star Trek: Picard ends with final two episodes in 10 movie theaters followed with a live O&A with cast members. Participating Imax theaters include the cities of Los ... See full summary », Talk-Show, Mark East ," LeVar Burton, Michael Dorn, Jonathan Frakes, Alex Kurtzman"
 Oh no! The Rise of Skywalker was real bad (2019),64 min,9.4,None,Add a Plot, Talk-Show, Jenny Nicholson , Jenny Nicholson
 Get Out of My Dreams (I),None,None,None,"Alice and John Timberlake live a quiet life in the suburbs of California. John is a prison officer at the California State Prison and Alice assists the Agony Aunt columnist, with the big ... See full summary »", Pre-production, Tiffany Sturdivant ," Joseph Moreland, Gonzalo Robles, Samuel Oppong, Shawana 'Shay' McCray"
 PA39: The Halloween Broadcast (2023),72 min,None,None,"Feature-length release of the PA39 Hallowe'en television broadcast, including the full episode of ""Tyson Knight's Hallowe'en Special"" complete with TV idents and commercial breaks, as well ... See full summary »", Completed, Keiron Hollett ," Nathan Head, Shawn C. Phillips, Rusty Apper, Velton Lishke"
 Pipkin Pippa Ch. Phase Connect (2021),None,None,None,Add a Plot,"Comedy, Reality-TV, Talk-Show", Pippa Pipkin ," Pippa Pipkin, Bird Prisoner, Tenma Maemi, Kirsche"
 City on Fire (2019),None,None,None,Add a Plot,"Music, Talk-Show", Nickolas Donald,None
 Bridging Heaven & Earth: Carlos Castaneda (1995),58 min,2.8,None,"The only three disciples of Carlos Castaneda (at the time of the first airing); fierce guardian warriors (""Chocmools"") demonstrate the techniques of Tensegrity, ancient magical movements ... See full summary »", Talk-Show, Michael Martin ," Kylie Lundahl, Nyei Murez, Reni Murez, Alla Silberhartz"
 The Divine Goddesses (2022),120 min,None,None,"What exactly is The Sacred Divine Feminine Goddess, and how does she show up? We enter a New Earth and with that the rise of the original Goddess. She leads now from her authentic Power, ... See full summary »", Talk-Show, Paris Henriksen ," Paris Henriksen, Melissa Ambrosini, Tiara Sharde, Yolanda Boyarin"
 2021 Oscar Nominated Short Films: Documentary (2021),136 min,7.1,None,"2021 Oscar Nominated Documentary Short Films: Colette, A Concerto Is A Conversation, Do Not Split, Hunger Ward and A Love Long For Latasha.", Talk-Show," Sophia Nahli Allison, Kris Bowers, Skye Fitzgerald, Anthony Giacchino, Anders Sømme Hammer, Ben Proudfoot "," Shinese Harlins, Tybie O'Bard"
 Whoa with Laine Lawson Craft,None,None,None,Add a Plot, Completed, Paul Skorich ," Lawson Laine Craft, Roma Downey, Della Reese"
 The Watch (2021),None,None,None,"Follow the story of 4 different characters, on their post apocalyptic everyday living. Their misjudgment, and decisions can have being yours - Four different scenarios, Four different life, One unique goal. Survive.",Talk-Show," Scott Andrew, Scott Andrew, Andy Altelaar ", Mónica Cruz
 Rick Wakeman - Face to Face (2009),52 min,None,None,"Rock legend Rick Wakeman features a stellar line-up of guests. Each episode reveals some of the most interesting, candid and in-depth interviews with major recording artists ever to grace our screens.", Talk-Show, Robert Garofalo ," The 5th Dimension, Ian Anderson, Brian Bennett, Danny Bowes"
 Tell It Like It Is (1971),None,2.8,None,"Episode of fictional late-night television talk show ""The Irv Carlson Show,"" parodying the genre.","Comedy, Talk-Show", Anthony M. Lanza ," Don Forio, Toni Schmucker, Leslie McRay, Chuck Harrod"
 Late Nights@ the East Wing,None,None,None,Add a Plot, Filming,None,None
 Wise Words in a Time of Change: That Will Improve Your Life (2020),61 min,None,None,"During this time of great change for the planet and society, nine influential speakers of various spiritual backgrounds share incredible words of wisdom, showing us how to use this time to ... See full summary »", Talk-Show, Sylvia Binsfeld ," Anne Baring, Sylvia Binsfeld, John de Graaf, Scilla Elworthy"
 Marc Evan Jackson and His Friends from Work (2020),None,None,None,"Join Marc Evan Jackson and cast members from ""The Good Place"", ""The Baby-Sitters Club"", ""Brooklyn 99"", and more. They'll catch up, share memories, and tell stories from work. Marc's friends... See full summary »",Talk-Show, Ben Blacker ," Ben Acker, Malia Baker, Kristen Bell, Ben Blacker"
 D23: Mickey Mouse Club Celebration (2015),90 min,None,None,The 60th anniversary and a reunion for the mouseketeers., Talk-Show," Nancy Abbate, Sherry Alberoni, Sharon Baird, Billie Beanblossom",None
 Discours Met De Boys (2021),None,None,None,Add a Plot,Talk-Show," Amory, Arno Steenackers",None
 Hook'd,100 min,None,None,Add a Plot, Pre-production,None,None
 The Paul Molinar Show (Special Edition) (2023),69 min,None,None,Add a Plot, Talk-Show, Paul Molinar , Paul Molinar
 I Am an Alien,None,None,None,Add a Plot, Post-production, Ramzi Abed ," Mark Borchardt, Dennis Woodruff, Sophia Jade"
 The Deal (VII),None,None,None,Covering the financial activities of sports teams and players., Announced,None,None
 Pickin' It Out with Andrew Pope (2020),None,None,None,Add a Plot,Talk-Show, Andrew Pope ," David Bellamy, Eric Bischoff, Gerald Brisco, Erin Enderlin"
 Theatre Lives: Adrian Lester (2016),56 min,None,None,Add a Plot, Talk-Show," Adrian Lester, Fiona Lindsay",None
 Entrepreneur Spirit (2023),None,None,None,Add a Plot, Pre-production," Angel Mbonu, Satish Sanpal, Viktorija Faith",None
 Reel Shots Volume II (2023),None,None,None,"Reels Shots is a conversation-based talk show. We explore what makes people in the entertainment industry tick, how they function in this environment and their life leading them to this ... See full summary »",Talk-Show,None,None
 Enter the Grandmaster the Memoir of Stephen Chang (2014),None,None,None,Add a Plot,Talk-Show," Stephen Chang, Mat Thomas Marchand "," Stephen Chang, Leonid Lopatin, Mat Thomas Marchand"
 How to Produce Film and TV with Unreal Engine with Producer/VPS Darnell Williams (2021),91 min,None,None,"In this recorded workshop you meet Darnell Williams, a Producer and Virtual Production Supervisor, who uses the Unreal Engine to make film and television. Darnell Williams, founder of ... See full summary »", Talk-Show, Nancy Fulton ," Nancy Fulton, Darnell Williams"
 Wealth Builders (2021),None,None,None,Add a Plot,Talk-Show," Tony Boldi, G. Anthony Joseph, Anthony Katsoulas, Jeff Levine",None
 Lögn i helvete! (2008),None,6.1,None,Two policemen screw up when they are going to deliver a message of fatality to an older couple on Christmas Eve.,Talk-Show," Peter Dalle, Robert Gustafsson, Per Svensson",None
 An Audience with AP McCoy (2015),60 min,None,None,19-times champion jockey AP McCoy joins Luke Harvey and an audience of racing fans for BBC Radio 5 live sport from the Guild of Students in Liverpool.," Sport, Talk-Show"," Luke Harvey, Tony McCoy, Mark Pougatch",None
 Otho Jago Nijeke Niye Vabo Part - 3 (2022),None,None,None,Add a Plot,Talk-Show, Narugopal Mandal , Narugopal Mandal
 It Figures (2016),None,None,None,TV host and actor Justin Bratton travels the world to get to the bottom of all the facts and figures there cloud our media on It Figures.,"Reality-TV, Talk-Show", Sharon Hun , Justin Bratton
 Cooking with the Stars,None,None,None,Add a Plot, Pre-production, Ken Policard , Abdul F. Eshaqzai
 Manic Expression: Creative Chaos (2014),99 min,7.8,None,"In an ever more vitriolic cyber landscape, Manic-Expression.com arose as a safe haven for creative people to express themselves.", Talk-Show, Benjamin Robitille ," Rich Barossi, Charles Benfield, Curt Clark, Lauren D."
 Ramin Namdar (2023),45 min,None,None,Ramin was ridiculed by friends and students for his short stature and stuttering while studying. Ramin started making music after years of enduring ridicule from various people. He first started making podcasts by adding some music., Completed," Ramin Nazer, Ramin Namdar, Mike Seidel, Hardwell",None
 Po stranitsam «Vokrug smekha». 1978-1980 (2006),180 min,None,None,Add a Plot," Comedy, Talk-Show", Gariy Chernyakhovskiy , Aleksandr Ivanov
 PlayStation E3 Experience (2014),None,None,None,Add a Plot,Talk-Show, Geoff Keighley,None
 Operação Prato e outras revelações: um repórter na rota das luzes misteriosas (2016),66 min,None,None,Add a Plot, Talk-Show," Uyrangê Bolívar Soares Nogueira de Hollanda Lima, Carlos Mendes",None
 Stardust Memories: Discovery of Voyager,None,None,None,"During the present day, an unexpected truth became clear when a group of people experience flashbacks in the space between the key of life - a veil of the past, present, and future. ... See full summary »", Announced, Avalon Danvers,None
 Stardust Memories: Destiny Logs,None,None,None,"Before the veil of the Key of Life in ""Neoni: Destiny of Archangel"" pushed them together, they lived not knowing that the universe would bring them together. These are the Keys of Life they Lived.", Announced, Avalon Danvers,None
 Italian Is in the Town (2015),None,None,None,Add a Plot,Talk-Show, Ethan Korver , Da Ton
 Gift from Twitch for streaming 10 years on their website (2021),4 min,None,None,Twitch sent me this gift because I've been streaming 10 years on their website. massive W., Talk-Show, Chance Morris,None
 Ruda lejt najt (2015),None,None,None,Add a Plot,Talk-Show, Vojtech Nouzák , Michal Kavalcík
 The Prince george show (2010),30 min,None,None,Add a Plot, Talk-Show, George Easley ," Prince George, Vickie Hernandez, sacio Davinci pa"
 Entertainment Tomorrow (2023),None,8.5,None,Jon Robert Quinn and Matt Litteral talk about their latest films and projects.,Talk-Show, Jon Robert Quinn ," Jim Anderson, Jeff Asch, Chad Ayers, Troy Fromin"
 Behind the Mind (2019),None,None,None,Behind the scenes clip with Z aka Zeus on his Top 5 Horror movies presented by Behind The Mind.,Talk-Show, Nickolas Donald,None
 Pasos de Federico Luppi (2012),None,None,None,Add a Plot,Talk-Show," Luis Alberto Cabezón, Susana Hornos, Federico Luppi",None
 The Conciousnous Paradigm (2015),190 min,None,None,Add a Plot, Talk-Show, Jennifer Ramsey ," Thomas Schmit, John Smotherman"
 Jan Gradvall möter Thåström (2015),63 min,None,None,Swedish journalist Jan Gradvall talks to rock-musician Joakim Thåström., Talk-Show, Jan Gradvall ," Jan Gradvall, Joakim Thåström"
 Aghany Haiaty Radio Show (2016),None,None,None,"A talk show behind the scenes of artistic and cinematic works, and in its episodes, he met the artist Samiha Ayoub, the artist Raghda, the director Mohamed Abdel Aziz and the artist Lotfi Labib. Radio announcer Manal El-Khouly",Talk-Show," Samihah Ayyoob, Lotfy Labib",None
 Dudes and a Dog: 2013 New Year's Eve Extravaganza Podcast (2013),None,None,None,Add a Plot,Talk-Show, Joseph Graziani ," David Andreiw, Caitlin Costello, Leah Dwyer, William Geheren"
 Roberto Bodegas (2012),None,None,None,Add a Plot,Talk-Show," Roberto Bodegas, Luis Alberto Cabezón",None
 Implantes Alienígenas: Palestra com Marco Antônio Petit (2018),101 min,None,None,Add a Plot, Talk-Show," Budd Hopkins, Roger Leir, John E. Mack, Marco Antônio Petit",None
 Mais Ar à Esquerda (2017),102 min,None,None,"The most meta-crazy talk show on the cyberweb. We invite you to embark on our irreverent, insightful and hilarious program: a combination of NOVA FCSH's most varied talents, heads and arms."," Comedy, Drama, Musical"," Carmen Alcobio, Tiago Antunes, Mariana Branco, Joana Calado, Ana Rita Durão, Rafael Fonseca, Mariana Godet, Dani Gonçalves, Pedro Granacha, Inês Filipa Martins, Sara Moura, Patrícia Nunes, André Nóbrega, Mafalda Perez, Pedro Quirino, Ana Santos, Paulo Xavier "," Mariana Amorim, Rita Antunes, Tiago Antunes, Jorge Barata"
 Penelope's World: A Talk Show About Stuffs (2013),None,None,None,Add a Plot,Talk-Show, Ryan Hellquist ," Zack Finfrock, Kenzo Lee, Lexi Marman, Matt Munson"
 Monsordecor (2019),None,None,None,"Interior designer and entrepreneur, Sory Ferreras, better known as Monsordecor, gives us advice on how you can design or renovate your home to make it look elegant and luxurious without spending a lot of money.","Family, Talk-Show", Monsordecor,None
 Otho Jago Nijeke Niye Vabo (2022),None,None,None,Add a Plot,Talk-Show, Narugopal Mandal , Narugopal Mandal
 The Shootin' It Christmas Spectacular (2013),None,None,None,"Jayme and Kenney celebrate Christmas by becoming extremely inebriated, interviewing Santa Claus, discussing recent racial controversies regarding the ethnicity of Santa Claus, and give their 'Naughty & Nice' lists for the year.",Talk-Show, Amy Fox ," Jay Karales, Kenney Dorcely, Gary 'Gearbear' Miller"
 Portræt af: Jimmi Holm Andersen (2022),60 min,None,None,Add a Plot, Talk-Show, Christina Britten ," Jimmi Andersen, Christina Britten"
 The Great Sherlock Holmes Debate 3 (2012),120 min,None,None,The 3rd Great debate saw experts of the Sherlock Holmes world get together to present and debate on the Greatest Sherlock Holmes story ever written., Talk-Show," Steve Emecz, Ross K. Foad "," Steve Emecz, Matthew J. Elliott, Fiona-Jane Brown, Bonnie MacBird"
 MUFON-LA presents George Knapp (1998),110 min,None,None,Add a Plot, Talk-Show," Philip J. Corso, George Knapp, Bob Lazar, Yulii Platov",None
 YouTube Channel for Evan Roy Dexter (2015),None,None,None,Add a Plot,Talk-Show,None,None
 Celebration of Music (2017),None,None,None,"Celebration of Music is a talent search that showcases the best young musical talent across the Globe. Singers, musicians, bands, and dancers between the ages of 5 and 25 are all encouraged... See full summary »","Family, Music, Reality-TV"," Ethan Bortnick, McKenzi Brooke, Montana Jacobowitz, Preston C. Howell",None
 UR Unique (2014),None,None,None,UR Unique is a lifestyle series that chronicles the life of Unique Jenkins.,"Reality-TV, Talk-Show", Tiauna Jackson , Unique Jenkins
 Evil Undoings (2015),None,None,None,Add a Plot,"Comedy, Talk-Show", Emily Kathleen , Emily Kathleen
 Recall (2011),None,None,None,Add a Plot,Talk-Show, Rachel Wilson ," Taber Cheo, Brittany Federici, Kenneth Hellmer, Dakota Johns"
 The Right Push Pre-Release First Virtual Listening Party the Rewind (2022),None,None,None,"This live virtual event is an advance listening party for the single 'The Right Push', By Kenneth 'The Phenomenal Hawk' Massey before it is available for streaming and download April 15th ... See full summary »",Talk-Show, Kenneth 'The Phenomenal Hawk' Massey ," Huey G, Kenneth 'The Phenomenal Hawk' Massey, Lynette Miller, MVP of Memphis"
 The Think and Grow Wealth Show (2019),None,None,None,Frank Verni and Jon Robert Quinn sit down with conversation about real estate and investing.,Talk-Show, Jon Robert Quinn ," Jon Robert Quinn, Frank Verni"
 The Peter Show (1997),46 min,None,None,A talk show for children and teens.," Family, Talk-Show", Karen Leigh ," Jonathon Haderlein, Peter Haderlein, John Wagner"
 Writing for Animation (2016),None,None,None,Add a Plot,Talk-Show, Bernie Rao ," Rob Hoegee, Grant Moran"
 Post Debate Special (2018),60 min,None,None,Add a Plot," News, Talk-Show"," Keith Baldrey, Chris Gailus, Mary Polak, Lynda Steele",None
 A SETI Talk with Nathalie Cabrol (2010),71 min,None,None,Add a Plot, Talk-Show," Nathalie Cabrol, James W. Head",None
 Jerry Trimble Jr. Presentation (2018),None,None,None,Add a Plot,Talk-Show, Amy Dinh , Jerry Trimble
 Matt and Tim at the Movies (2011),None,None,None,Matt and Tim love movies. MOST movies. But that's not what this show is about. Matt and Tim watch terrible public domain movies and provide their own colorful commentary over it.,"Comedy, Talk-Show", Matt Gagliardi ," Matt Gagliardi, Tim McGullam"
 O'Brien's Extremely Pale Ale (2013),165 min,None,None,Add a Plot, Talk-Show, Conan O'Brien,None
 Ramadan Hawadet Radio Show (2019),None,None,None,"A talk show broadcast live during the month of Ramadan and met in its episodes with the artist Hanan Suleiman, the artist Mirna Walid and the director Mohamed Fadel. Radio presenter Nora El-Sayed",Talk-Show, Sayed Abdel Aziz ," Mohamed Fadel, Hanan Sulieman, Mirna Walid"
 Why Not Tonight (2017),45 min,None,None,"The series is a popular night time TV shows using skits about current events, comedy, and celebrity guests, such as The Tonight Show, Late Night, The Late Show, The Late Late Show, etc. typically featuring a musical act, etc.", Completed, Steven Seidman , Talon Trent
 Slavoj Zizek - Disorder Under Heaven (2019),None,None,None,Add a Plot,Talk-Show, Slavoj Zizek,None
 #sayhername - Justice for Brianna Taylor (2020),None,None,None,Add a Plot,Talk-Show, Lance Fresh ," Brittney Cooper, Brittany Packnett Cunningham, Alicia Garza, Tyki Irving"
 Siren - Out of Water,None,None,None,Add a Plot, Announced,None,None
 Psychic Smarts (2006),88 min,None,None,A program that implies it will help you make money if you purchase their secrets to unlock the untapped potential of your brain, Talk-Show, David Rocco Facchini,None
 I tried building a custom mechanical keyboard from scratch (2021),15 min,None,None,I built a $400 custom keyboard that I bought on stream., Talk-Show, Chance Morris,None
 How to Make Time Visible in Film (Without Photography) (2010),None,None,None,"Avant-garde filmmaker Takahiko Iimura is exploring how participants can make time visible in film, (without photography), using markers of different colors and sizes, long and fat needles, clear and black 16mm film.",Talk-Show, Takahiko Iimura,None
 UFOs: Visitors from Inner Space (2015),None,None,None,Add a Plot,Talk-Show," David J. Halperin, Michael Joy",None
 The Indie Connection with C.L. Cannon (2018),None,None,None,"Every week, USA Today Bestselling Author C.L. Cannon features 3-5 independently published books which are similar to a traditionally published title.",Talk-Show, C.L. Cannon,None
 Dan-A-Plooza (2022),None,None,None,Add a Plot,Talk-Show, Dan Hawkins ," Dan Hawkins, Michael Ochotorena"
 Interview with Dr. Mark Rodeghier (2018),58 min,None,None,Add a Plot, Talk-Show, Darryl Barker ," Darryl Barker, Mark Rodeghier"
 What's So Damn Funny! (2015),None,None,None,Add a Plot,Talk-Show," Mandell Frazier, Cherilyn Lee, Yvette Obifule, Bonnie Pointer",None
 The Nashville Sound (2014),137 min,None,None,"A segment of the Nashville Public Library's ""The Nashville Sound"" series, this June 22, 2014 re-enactment of TNN's erstwhile Nashville Now program, hosted by Ralph Emery, featuring ... See full summary »", Talk-Show," Ralph Emery, Stacy Harris, Con Hunley, Lorrie Morgan",None
 Comic-Con Film School (2020),46 min,None,None,Panelists discuss the nuts and bolts of independent film making as part of Comic-Con at Home 2020., Talk-Show, Sean Rourke ," Jack Conway, Nick Murphy, Valerie Perez, Josh Perilo"
 The eZWay Awards 2020 (2020),120 min,None,None,Add a Plot, Talk-Show," Samuel Morris, Eric Zuley "," 2 Live Crew, Manuj Aggarwal, Gilbert Dean Arcillas, Stephanie Ardrey"
 Wann wird es endlich wieder Sommer (1975),None,None,None,Add a Plot,"Comedy, Talk-Show", Harald Vock , Gunther Philipp
 Loren Michaels Harris Bathrobe Moments (2020),120 min,None,None,Add a Plot, Talk-Show," Tony Boldi, Loren Michaels Harris",None
 Interview JSQM chairman Bashir Ahmed Qureshi (2011),None,None,None,Exclusive interview of JSQM chairman Bashir Ahmed Qureshi from Mokhi Media. Interviewed by Sindhi Zafar in Moro (22nd February 2011),Talk-Show," Bashir Ahmed Qureshi, Sindhi Zafar",None
 The Great Sherlock Holmes Debate 4 (2013),120 min,None,None,Holmes experts around the world got together to present and debate on what the current productions of the Holmes name contributed to the Legacy of Sherlock Holmes., Talk-Show," Steve Emecz, Ross K. Foad "," Bonnie MacBird, Charlotte Anne Walters, Phil Growick, Steve Emecz"
 The Curse of Freedom! Freedomain Call In (2018),88 min,None,None,Add a Plot," News, Talk-Show", Stefan Molyneux,None
 Collapse of China Explained by Chinese American Lawyer (2020),87 min,None,None,The Collapse of China Explained By Chinese American Lawyer Gordon G Chang in a sit-down with Patrick Bet-David.," News, Talk-Show"," Patrick Bet-David, Gordon Chang",None
 GradVision (2021),122 min,None,None,Add a Plot, Talk-Show, Andrei Sylvan Horia ," Andrei Sylvan Horia, Sebastian Medrea"
 Morty and Friends: The Life of Morty (2022),45 min,None,None,"Welcome to Morty and Friends Rated Teens for Cussing, Mischief, Things you should never do to your parents, and Scenes that may not be suitable for all audiences."," Reality-TV, Talk-Show", Izaiha Fm ," Izaiha Fm, Jordan Fm, Benjamin Thomas Green, Sylvian Ray"
 Global Trumpism (2016),None,None,None,Add a Plot,Talk-Show, Mark Blyth,None
 Obaland Magazine (2020),None,None,None,Add a Plot,Talk-Show, Omosigho Lucky , Lucky Omosigho
 Gregor Barnsdale's Hard Truths (2019),75 min,None,None,"A mockumentary showcasing the talk-show host, Gregor Barnsdale, who is attempting to make a career comeback following a disastrous interview with an unknown celebrity.", Talk-Show, Adam Sandy ," Joe Facer, Adam Sandy, Mark Wisdom"
 Jake Moss Tries to Explain His Paintings (2021),82 min,8.7,None,"Jake Moss tries to explain his paintings to his friends. After each attempt at explaining, his friends vote on whether or not the explanation was sufficient. If they decide the explanation wasn't good enough they all have to take a shot.", Talk-Show, Jake Moss ," Danny Foster, Matthew Jennings, Jake Moss, Jak Nicholls"
 Attorney Paul S. Levine addresses Copyright & Work-for-Hire Law (2021),96 min,None,None,"Leading Entertainment Attorney addresses copyright and work-for-hire law, specifically how writers, producers, performers, and others protect their work, and how intellectual property is ... See full summary »", Talk-Show, Nancy Fulton ," Nancy Fulton, Paul S. Levine"
 The Vilma Jackson Show (2021),45 min,None,None,"The wider debate around diversity, inclusion and equality to highlight that these issues do not only apply to the hearing world; they run deep into the Deaf community and every corner of ... See full summary »", Talk-Show, Vilma Jackson,None
" Benzema, combat 4 etoiles teaser (2018)",95 min,None,None,Add a Plot, Talk-Show,None,None
 Fairly Normal (2013),60 min,None,None,Add a Plot, Talk-Show,None,None
 I'm Adopted: Viewing Adoption as Young Adults with Alex Kuch (2020),60 min,None,None,Add a Plot, Talk-Show," Alex Gilbert, Alex Kuch, Daria Rottenberk",None
 Great Canadians (2016),None,None,None,Youth news broadcasters interview Black History advocates.,Talk-Show, Christopher Miranda Heredia ," Lovell Adams-Gray, Jean Assamoa, Jean Augustine, Simone Banton"
" Thriving in the New Hollywood Interview with Gary Goldstein, Producer of Pretty Woman (2021)",81 min,None,None,"Exceptional producer Gary W. Goldstein addresses the new entertainment industry landscape and the skills writers, producers, and others need to master in order to thrive. He reviews why ... See full summary »", Talk-Show, Nancy Fulton ," Nancy Fulton, Gary W. Goldstein"
 The Noel Bax Podcast (2015),None,None,None,Add a Plot,Talk-Show, Noel Bax ," Noel Bax, Tony Boldi"
 The Magicians - The Cost of Magic,None,None,None,Add a Plot, Announced,None,None
 Chef Meme (2020),47 min,None,None,Add a Plot, Talk-Show, Kem Jean ," Francis Ad, Christine Mae Goc-ong, Jocelyn Goc-ong, Maryjane Igut"
 Beach Problems Commercial (2022),None,None,None,Add a Plot,Talk-Show, Kyle Langdon-Weyrich,None
 The Ghost Hunting TV Talk Show: Paranormal TV Stars Special (2015),None,None,None,"The Ghost Hunting TV Talk Show Hosted By Lee Steer and Chris Beech, Two leading skeptics within the field of the paranormal, much respected and much loved by the community due to their ... See full summary »",Talk-Show, Lee Steer ," Lee Steer, Chris Beech, Brian Saunders, Katrina Weidman"
 The Xian Factor (2011),None,None,None,Add a Plot,Talk-Show, Joel Condor , James Hargreaves
 Shadowhunters - The Shadow World,None,None,None,Add a Plot, Announced,None,None
 Catholic LA (2018),None,None,None,"Getting a bunch of people together to talk about Bible Studies, Jesus, the Catholic Church and strategies for evangelization.",Talk-Show, Chris Plance ," Joseph Freymann, Chris Plance"
 The Art Behind the Walk (2016),None,None,None,Add a Plot,Talk-Show, Bernie Rao,None
 Albert Cossery: entre la violence et la dérision (1994),50 min,None,None,Add a Plot, Talk-Show," Jean Labib, Michel Mitrani "," Albert Cossery, Michel Mitrani"
 The Nick & Tub Podcast (2019),None,None,None,Add a Plot,Talk-Show,None,None
 The CAT show with Cindy and Tony (2020),120 min,None,None,Add a Plot, Talk-Show, Tony Boldi , Cindy Villarreal
 The Lincolns - In Sickness and in Health (2021),None,None,None,Add a Plot,Talk-Show, Christopher McLean ," Grant Johnson, Christopher McLean, Steve Michaels, Kent Peterson"
 The Refugee Conversation (2016),None,None,None,"As Canada started to prepare for the first wave of Syrian refugees, Director/Producer Kirby Hammond held an event to discuss how prepared Winnipeg was as a city for their arrival. This ... See full summary »",Talk-Show, Kirby Hammond , Kirby Hammond
 Change the Game at David Horowitz Restoration Weekend 2014 (2014),61 min,None,None,Add a Plot, Talk-Show," JaVonni Brustow, Kira Davis, Sonnie Johnson, Lawrence Jones",None
 The Great Sherlock Holmes Debate 2 (2012),120 min,None,None,"On March 18th 2012, live in London and online via phone ins, 25 of the leading Holmes experts from across the globe got together to thrash out who contributed more to the Sherlock Holmes ... See full summary »", Talk-Show," Steve Emecz, Ross K. Foad "," Marino Alvarez, Matthew J. Elliott, Steve Emecz, Ross K. Foad"
 Just Listen to Yourself with Kira Davis: Gentrification ep: 18 (2020),None,None,None,Add a Plot,Talk-Show," JaVonni Brustow, Kira Davis",None
 Vennori Channel Evaluations (2016),None,None,None,Dr. Evaluate is a social media doctor who evaluates his fans/patients in an effort to grant them social success.,Talk-Show, Ilmar Molder , Ilmar Molder
 Kyle's Pop Culture Corner (2019),120 min,None,None,Host Kyle J. McElravy muses about the heyday of pop culture. Some episodes contain special guests with interviews., Talk-Show, Kyle J. McElravy,None
 TEDx Marin 2018 (2018),None,None,None,Add a Plot,Talk-Show,None,None
 Is College Worth It? Tom Woods and Stefan Molyneux (2018),62 min,None,None,Add a Plot," News, Talk-Show"," Tom Woods, Stefan Molyneux",None
 Cinemagar Talk Show (2018),None,None,None,Add a Plot,Talk-Show, Farshid Jahed,None
 Fair Use and the Right of Publicity featuring Attorney Justin Sterling (2021),94 min,None,None,"Attorney and Litigator Justin Sterling discusses the Doctrine of Fair Use, and when writers, screenwriters, producers and publishers can use the work of others without permission. He also ... See full summary »", Talk-Show, Nancy Fulton ," Nancy Fulton, Justin Sterling"
 Victory Forces Academy (2021),None,None,None,Add a Plot,Talk-Show, Victoria Windsor de LaBoulaye , Victoria Windsor de LaBoulaye
 Free Tuition with MK Asante (2020),None,None,None,"A fusion of education and entertainment for passionate, poetic, and inspirational conversations with special guests about justice, equality, and change.",Talk-Show," M.K. Asante, Jessica Care Moore",None
 Posts to the Pope (2018),None,None,None,"RTE News asked a range of people to deliver a post in advance of the Irish visit by Pope Francis. The series includes a variety of views - devout and disillusioned, committed and critical.",Talk-Show, Eleanor Mannion ," Julian Brigatti, Philip Bromwell, Kristina Chaloir, Jono Griffin"
 OH to LA: An Actor's Life in LA (2018),None,None,None,"Interviews with actors from Ohio who have relocated to LA. Interviewees were asked questions like: How did you decide to make the move? How did you prepare to make the move? What, if any, ... See full summary »",Talk-Show, Charlisa Anderson ," Charlisa Anderson, John Brickner, Eric Feliciano, Kelly Grant"
 A Portrait of Jane Austen (2013),None,None,None,Add a Plot,Talk-Show,None,None
 La historia de la inteligencia (2018),120 min,None,None,"Thousands of scientists have tried to explain the functioning of the human brain, but only one has been able to decipher all its enigmas, Dr. Ernesto Ludwig Amo, a physicist, chemist, ... See full synopsis »"," Comedy, Talk-Show", Cesar Javier Gonzales , Wilmer Machado
 Danny Dunn's Jotted (2022),None,None,None,Add a Plot,Talk-Show, Danny Dunn,None
" Petersburg Solution Interviews Misty Blanco's Rock the Vote Show Artists in Richmond, VA (2020)",None,None,None,Add a Plot,Talk-Show, JaVonni Brustow ," Misty Blanco, Misty Blanco, JaVonni Brustow, Montrey Howard"
 The Parle' Network (2021),None,None,None,Add a Plot,Talk-Show," Tony Boldi, Anthony Katsoulas",None
 Dom's Corner (2021),120 min,None,None,Add a Plot, Talk-Show, Domenic Brack ," Domenic Brack, Solomon Mekonen"
 Super Tom: The Movie (2021),125 min,None,None,Add a Plot, Talk-Show," Richard Norris, Steven Riches "," Arnold Kelly, Lizzie Richardson, Matthew Richardson, Thomas Richardson"
 All Is Well with Suma (2020),None,4.2,None,"Sending bright smiles and positive vibes your way, All is well is a talk show hosted by Suma Kanakala, where she interacts with various celebrities and maintains an entertaining tenor while... See full summary »",Talk-Show, Sanjeev ," Rana Daggubati, Vijay Deverakonda, Suma Kanakala, Nani"
 I am Nascar (2021),None,None,None,Add a Plot,Talk-Show, Anthony Seratelli ," Channing Crowder, Chad Johnson, Brandon Marshall, Fred Taylor"
 Petersburg Solution Interview with Council Candidate Sam Jean (Petersburg - Ward 4) (2020),None,None,None,Add a Plot,Talk-Show, JaVonni Brustow ," Montrey Howard, Sam Jean"
 Otho Jago Nijeke Niye Vabo Part - 2 (2022),None,None,None,Different types of events happen in society. There are various problems. Different types of people live in our society. Their working life style is also different. Not all are equal. ... See full summary »,Talk-Show, Narugopal Mandal , Narugopal Mandal
 The Sigurd Vedal Show (2020),70 min,None,None,Add a Plot, Talk-Show,None,None
 Live Demo: Benefits of ERP for All Staff (2018),60 min,None,None,Add a Plot, Talk-Show,None,None
 Nostalgic Tomorrow: A Batman Gathering (2019),52 min,None,None,Nostalgic Tomorrow - A Batman Gathering (All-New Featurette) - Many of Batman Beyond's core production team and actors gather for an enthralling round-table discussion of the evolution and ... See full summary », Talk-Show,None,None
 Petersburg Solution Interview with Petersburg Ward 2 City Council Candidate Marlow Jones (2020),None,None,None,Add a Plot,Talk-Show," JaVonni Brustow, Montrey Howard",None
 Hollywood Health Report (2015),None,None,None,Add a Plot,Talk-Show," Kristyn Burtt, Tim Daly, Norman L. Edelman",None
 Analysis of Film Characters (2021),60 min,None,None,Eli is doing a deep analysis on the Big Lebowski movie character Walter Sobchak., Talk-Show, Eli Erol Kebudi , Eli Erol Kebudi
 Harbitual Harmony with Nora Sophia (2020),60 min,None,None,Add a Plot, Talk-Show, Nora Sophia ," Tony Boldi, Nora Sophia"
 J Balvin Australian Tour (2015),None,None,None,Add a Plot,"Music, Talk-Show", Rigoberto Mendoza Parra ," J Balvin, Rigoberto Mendoza Parra"
 Until the End of Time: Brian Greene in Conversation with Janna Levin (2020),None,None,None,Add a Plot,Talk-Show," Brian Greene, Janna Levin",None
 Petersburg Solution Interviews Petersburg City Council Candidate Marcus Squires (2020),None,None,None,Add a Plot,Talk-Show, JaVonni Brustow ," JaVonni Brustow, Montrey Howard, Marcus Squires"
 Hjelp! Vi lager filmpodcast: Vi elsker 2019 (2020),63 min,None,None,"The Oscars are just around the corner, and on that occasion, the boys bring out the best from the film year 2019."," Comedy, Talk-Show"," Brynjar Evensen, Sivert Holm, Tor Erik Martinsen "," Brynjar Evensen, Sivert Holm, Kim-Remi Kjesbu, Tor Erik Martinsen"
